,main
0,all_news_text/Cm/casascm_pt_desporto/Cm_all_news_
1,all_news_text/Cm/casascm_pt_insolitos/Cm_all_news_
2,all_news_text/Cm/casascm_pt_multimedia/Cm_all_news_
3,all_news_text/Cm/casascm_pt_ssosubscriptions/Cm_all_news_
4,all_news_text/Cm/casascm_pt_viver_com_saude/Cm_all_news_
5,all_news_text/Cm/classificadoscm_pt_boa_vida/Cm_all_news_
6,all_news_text/Cm/classificadoscm_pt_famosos/Cm_all_news_
7,all_news_text/Cm/classificadoscm_pt_imoveis/Cm_all_news_
8,all_news_text/Cm/classificadoscm_pt_maissobre/Cm_all_news_
9,all_news_text/Cm/classificadoscm_pt_mais_cm/Cm_all_news_
10,all_news_text/Cm/classificadoscm_pt_politica/Cm_all_news_
11,all_news_text/Cm/classificadoscm_xl_pt/Cm_all_news_
12,all_news_text/Cm/conviviocm_pt_cultura/Cm_all_news_
13,all_news_text/Cm/conviviocm_pt_exclusivos/Cm_all_news_
14,all_news_text/Cm/conviviocm_pt_politica/Cm_all_news_
15,all_news_text/Cm/conviviocm_pt_portugal/Cm_all_news_
16,all_news_text/Cm/conviviocm_pt_ssosubscriptions/Cm_all_news_
17,all_news_text/Cm/conviviocm_pt_viver_com_saude/Cm_all_news_
18,all_news_text/Cm/empregocm_pt_boa_vida/Cm_all_news_
19,all_news_text/Cm/empregocm_pt_cm_ao_minuto/Cm_all_news_
20,all_news_text/Cm/empregocm_pt_exclusivos/Cm_all_news_
21,all_news_text/Cm/empregocm_pt_famosos/Cm_all_news_
22,all_news_text/Cm/empregocm_pt_imoveis/Cm_all_news_
23,all_news_text/Cm/empregocm_pt_mais_cm/Cm_all_news_
24,all_news_text/Cm/empregocm_pt_politica/Cm_all_news_
25,all_news_text/Cm/empregocm_pt_pt_pt/Cm_all_news_
26,all_news_text/Cm/empregocm_pt_sociedade/Cm_all_news_
27,all_news_text/Cm/www_cmjornal_pt_comentario/Cm_all_news_
28,all_news_text/Cm/www_cmjornal_pt_domingo/Cm_all_news_
29,all_news_text/Cm/www_cmjornal_pt_nacional/Cm_all_news_
30,all_news_text/Cm/www_cmjornal_pt_noticiaImprimir/Cm_all_news_
31,all_news_text/Cm/www_cmjornal_pt_tv_media/Cm_all_news_
32,all_news_text/Cm/www_cmjornal_pt_viver_com_saude/Cm_all_news_
33,all_news_text/Cm/www_cmjornal_xl_pt_Comentar/Cm_all_news_
34,all_news_text/Cm/www_cmjornal_xl_pt_domingo/Cm_all_news_
35,all_news_text/Cm/www_cmjornal_xl_pt_politica/Cm_all_news_
36,all_news_text/Expresso/aeiou_expressoemprego_pt_actual/Expresso_all_news_
37,all_news_text/Expresso/aeiou_expressoemprego_pt_Actualidades_aspx/Expresso_all_news_
38,all_news_text/Expresso/aeiou_expressoemprego_pt_emprego_carreiras_2008/Expresso_all_news_
39,all_news_text/Expresso/aeiou_expressoemprego_pt_expresso/Expresso_all_news_
40,all_news_text/Expresso/aeiou_expressoemprego_pt_noticia/Expresso_all_news_
41,all_news_text/Expresso/aeiou_expressoemprego_pt_noticias/Expresso_all_news_
42,all_news_text/Expresso/aeiou_expressoemprego_pt_studio/Expresso_all_news_
43,all_news_text/Expresso/aeiou_expresso_pt_100diasgoverno/Expresso_all_news_
44,all_news_text/Expresso/aeiou_expresso_pt_Actualidade/Expresso_all_news_
45,all_news_text/Expresso/aeiou_expresso_pt_Africa/Expresso_all_news_
46,all_news_text/Expresso/aeiou_expresso_pt_api/Expresso_all_news_
47,all_news_text/Expresso/aeiou_expresso_pt_arquivo/Expresso_all_news_
48,all_news_text/Expresso/aeiou_expresso_pt_blogues/Expresso_all_news_
49,all_news_text/Expresso/aeiou_expresso_pt_capa/Expresso_all_news_
50,all_news_text/Expresso/aeiou_expresso_pt_cartaz/Expresso_all_news_
51,all_news_text/Expresso/aeiou_expresso_pt_COMUNIDADE/Expresso_all_news_
52,all_news_text/Expresso/aeiou_expresso_pt_Desporto/Expresso_all_news_
53,all_news_text/Expresso/aeiou_expresso_pt_Dossies/Expresso_all_news_
54,all_news_text/Expresso/aeiou_expresso_pt_Economia/Expresso_all_news_
55,all_news_text/Expresso/aeiou_expresso_pt_especiais/Expresso_all_news_
56,all_news_text/Expresso/aeiou_expresso_pt_expresso/Expresso_all_news_
57,all_news_text/Expresso/aeiou_expresso_pt_ExpressoTV/Expresso_all_news_
58,all_news_text/Expresso/aeiou_expresso_pt_ex_comments/Expresso_all_news_
59,all_news_text/Expresso/aeiou_expresso_pt_ficcao/Expresso_all_news_
60,all_news_text/Expresso/aeiou_expresso_pt_foto/Expresso_all_news_
61,all_news_text/Expresso/aeiou_expresso_pt_imagensdadecada/Expresso_all_news_
62,all_news_text/Expresso/aeiou_expresso_pt_infografia/Expresso_all_news_
63,all_news_text/Expresso/aeiou_expresso_pt_informacao/Expresso_all_news_
64,all_news_text/Expresso/aeiou_expresso_pt_Iniciativas/Expresso_all_news_
65,all_news_text/Expresso/aeiou_expresso_pt_interior/Expresso_all_news_
66,all_news_text/Expresso/aeiou_expresso_pt_internacional/Expresso_all_news_
67,all_news_text/Expresso/aeiou_expresso_pt_Lusa/Expresso_all_news_
68,all_news_text/Expresso/aeiou_expresso_pt_multimedia/Expresso_all_news_
69,all_news_text/Expresso/aeiou_expresso_pt_opiniao/Expresso_all_news_
70,all_news_text/Expresso/aeiou_expresso_pt_pais/Expresso_all_news_
71,all_news_text/Expresso/aeiou_expresso_pt_palavra/Expresso_all_news_
72,all_news_text/Expresso/aeiou_expresso_pt_premio_pessoa/Expresso_all_news_
73,all_news_text/Expresso/aeiou_expresso_pt_RedeExpresso/Expresso_all_news_
74,all_news_text/Expresso/aeiou_expresso_pt_revista/Expresso_all_news_
75,all_news_text/Expresso/aeiou_expresso_pt_revista_de_imprensa/Expresso_all_news_
76,all_news_text/Expresso/aeiou_expresso_pt_semanario/Expresso_all_news_
77,all_news_text/Expresso/aeiou_expresso_pt_sic_noticias/Expresso_all_news_
78,all_news_text/Expresso/aeiou_expresso_pt_sociedade/Expresso_all_news_
79,all_news_text/Expresso/aeiou_expresso_pt_unica/Expresso_all_news_
80,all_news_text/Expresso/expressoemprego_pt_1014904/Expresso_all_news_
81,all_news_text/Expresso/expressoemprego_pt_2015/Expresso_all_news_
82,all_news_text/Expresso/expressoemprego_pt_actual/Expresso_all_news_
83,all_news_text/Expresso/expressoemprego_pt_Actualidade/Expresso_all_news_
84,all_news_text/Expresso/expressoemprego_pt_Artigo_aspx/Expresso_all_news_
85,all_news_text/Expresso/expressoemprego_pt_emprego_2Dcarreiras_2D2008/Expresso_all_news_
86,all_news_text/Expresso/expressoemprego_pt_emprego_carreiras_2008/Expresso_all_news_
87,all_news_text/Expresso/expressoemprego_pt_expresso/Expresso_all_news_
88,all_news_text/Expresso/expressoemprego_pt_newsletters/Expresso_all_news_
89,all_news_text/Expresso/expressoemprego_pt_ofertas_emprego/Expresso_all_news_
90,all_news_text/Expresso/expressoemprego_pt_opiniao/Expresso_all_news_
91,all_news_text/Expresso/expresso_clix_pt_/Expresso_all_news_
92,all_news_text/Expresso/expresso_clix_pt_1pagina/Expresso_all_news_
93,all_news_text/Expresso/expresso_clix_pt_actual/Expresso_all_news_
94,all_news_text/Expresso/expresso_clix_pt_Africa/Expresso_all_news_
95,all_news_text/Expresso/expresso_clix_pt_blogues/Expresso_all_news_
96,all_news_text/Expresso/expresso_clix_pt_Desporto/Expresso_all_news_
97,all_news_text/Expresso/expresso_clix_pt_Dossies/Expresso_all_news_
98,all_news_text/Expresso/expresso_clix_pt_especiais/Expresso_all_news_
99,all_news_text/Expresso/expresso_clix_pt_expresso/Expresso_all_news_
100,all_news_text/Expresso/expresso_clix_pt_ExpressoTV/Expresso_all_news_
101,all_news_text/Expresso/expresso_clix_pt_home/Expresso_all_news_
102,all_news_text/Expresso/expresso_clix_pt_informacao/Expresso_all_news_
103,all_news_text/Expresso/expresso_clix_pt_linguaportuguesa/Expresso_all_news_
104,all_news_text/Expresso/expresso_clix_pt_multimedia/Expresso_all_news_
105,all_news_text/Expresso/expresso_clix_pt_opiniao/Expresso_all_news_
106,all_news_text/Expresso/expresso_clix_pt_Postais/Expresso_all_news_
107,all_news_text/Expresso/expresso_clix_pt_RedeExpresso/Expresso_all_news_
108,all_news_text/Expresso/expresso_lda_pt/Expresso_all_news_
109,all_news_text/Expresso/expresso_lda_pt_/Expresso_all_news_
110,all_news_text/Expresso/expresso_sapo_pt_actual/Expresso_all_news_
111,all_news_text/Expresso/expresso_sapo_pt_Africa/Expresso_all_news_
112,all_news_text/Expresso/expresso_sapo_pt_arquivo/Expresso_all_news_
113,all_news_text/Expresso/expresso_sapo_pt_arquivos_expresso/Expresso_all_news_
114,all_news_text/Expresso/expresso_sapo_pt_blogues/Expresso_all_news_
115,all_news_text/Expresso/expresso_sapo_pt_cartaz/Expresso_all_news_
116,all_news_text/Expresso/expresso_sapo_pt_Comunidade/Expresso_all_news_
117,all_news_text/Expresso/expresso_sapo_pt_economia/Expresso_all_news_
118,all_news_text/Expresso/expresso_sapo_pt_expresso/Expresso_all_news_
119,all_news_text/Expresso/expresso_sapo_pt_ExpressoTV/Expresso_all_news_
120,all_news_text/Expresso/expresso_sapo_pt_ex_comments/Expresso_all_news_
121,all_news_text/Expresso/expresso_sapo_pt_feeds/Expresso_all_news_
122,all_news_text/Expresso/expresso_sapo_pt_home/Expresso_all_news_
123,all_news_text/Expresso/expresso_sapo_pt_infografia/Expresso_all_news_
124,all_news_text/Expresso/expresso_sapo_pt_informacao/Expresso_all_news_
125,all_news_text/Expresso/expresso_sapo_pt_inicio/Expresso_all_news_
126,all_news_text/Expresso/expresso_sapo_pt_interior/Expresso_all_news_
127,all_news_text/Expresso/expresso_sapo_pt_life_style/Expresso_all_news_
128,all_news_text/Expresso/expresso_sapo_pt_mba/Expresso_all_news_
129,all_news_text/Expresso/expresso_sapo_pt_nosection/Expresso_all_news_
130,all_news_text/Expresso/expresso_sapo_pt_noticia/Expresso_all_news_
131,all_news_text/Expresso/expresso_sapo_pt_noticias/Expresso_all_news_
132,all_news_text/Expresso/expresso_sapo_pt_pais/Expresso_all_news_
133,all_news_text/Expresso/expresso_sapo_pt_podcasts/Expresso_all_news_
134,all_news_text/Expresso/expresso_sapo_pt_Postais/Expresso_all_news_
135,all_news_text/Expresso/expresso_sapo_pt_premio_pessoa/Expresso_all_news_
136,all_news_text/Expresso/expresso_sapo_pt_queroestudarmelhor/Expresso_all_news_
137,all_news_text/Expresso/expresso_sapo_pt_RedeExpresso/Expresso_all_news_
138,all_news_text/Expresso/expresso_sapo_pt_sic_noticias/Expresso_all_news_
139,all_news_text/Expresso/expresso_sapo_pt_sic_noticias_prime/Expresso_all_news_
140,all_news_text/Expresso/expresso_sapo_pt_users/Expresso_all_news_
141,all_news_text/Expresso/expresso_sapo_pt_vodafonefuture/Expresso_all_news_
142,all_news_text/Expresso/expresso_sapo_pt_web_summit/Expresso_all_news_
143,all_news_text/Expresso/online_expresso_clix_pt_cronica/Expresso_all_news_
144,all_news_text/Expresso/online_expresso_clix_pt_interior/Expresso_all_news_
145,all_news_text/Expresso/online_expresso_clix_pt_linguaportuguesa/Expresso_all_news_
146,all_news_text/Expresso/online_expresso_clix_pt_opiniao/Expresso_all_news_
147,all_news_text/Expresso/online_expresso_clix_pt_semanal/Expresso_all_news_
148,all_news_text/Expresso/semanal_expresso_clix_pt/Expresso_all_news_
149,all_news_text/Expresso/semanal_expresso_clix_pt_capa/Expresso_all_news_
150,all_news_text/Expresso/semanal_expresso_clix_pt_opiniao/Expresso_all_news_
151,all_news_text/Expresso/semanal_expresso_pt/Expresso_all_news_
152,all_news_text/Expresso/semanal_expresso_pt_/Expresso_all_news_
153,all_news_text/Expresso/semanal_expresso_pt_1caderno/Expresso_all_news_
154,all_news_text/Expresso/semanal_expresso_pt_actual/Expresso_all_news_
155,all_news_text/Expresso/semanal_expresso_pt_Economia/Expresso_all_news_
156,all_news_text/Expresso/semanal_expresso_pt_home/Expresso_all_news_
157,all_news_text/Expresso/semanal_expresso_pt_internacional/Expresso_all_news_
158,all_news_text/Expresso/semanal_expresso_pt_opiniao/Expresso_all_news_
159,all_news_text/Expresso/semanal_expresso_pt_pais/Expresso_all_news_
160,all_news_text/Expresso/semanal_expresso_pt_revista/Expresso_all_news_
161,all_news_text/Expresso/www_expresso_pt_1caderno/Expresso_all_news_
162,all_news_text/Expresso/www_expresso_pt_1pagina/Expresso_all_news_
163,all_news_text/Expresso/www_expresso_pt_actual/Expresso_all_news_
164,all_news_text/Expresso/www_expresso_pt_Actualidade/Expresso_all_news_
165,all_news_text/Expresso/www_expresso_pt_Africa/Expresso_all_news_
166,all_news_text/Expresso/www_expresso_pt_alertas/Expresso_all_news_
167,all_news_text/Expresso/www_expresso_pt_arquivos_expresso/Expresso_all_news_
168,all_news_text/Expresso/www_expresso_pt_atempoeadesmodo/Expresso_all_news_
169,all_news_text/Expresso/www_expresso_pt_autarquicas2017/Expresso_all_news_
170,all_news_text/Expresso/www_expresso_pt_blogues/Expresso_all_news_
171,all_news_text/Expresso/www_expresso_pt_category/Expresso_all_news_
172,all_news_text/Expresso/www_expresso_pt_COMUNIDADE/Expresso_all_news_
173,all_news_text/Expresso/www_expresso_pt_cronica/Expresso_all_news_
174,all_news_text/Expresso/www_expresso_pt_Desporto/Expresso_all_news_
175,all_news_text/Expresso/www_expresso_pt_dossiers/Expresso_all_news_
176,all_news_text/Expresso/www_expresso_pt_Dossies/Expresso_all_news_
177,all_news_text/Expresso/www_expresso_pt_ed1333/Expresso_all_news_
178,all_news_text/Expresso/www_expresso_pt_ed1464/Expresso_all_news_
179,all_news_text/Expresso/www_expresso_pt_ExpressoTV/Expresso_all_news_
180,all_news_text/Expresso/www_expresso_pt_fb_instant_articles/Expresso_all_news_
181,all_news_text/Expresso/www_expresso_pt_ficcao/Expresso_all_news_
182,all_news_text/Expresso/www_expresso_pt_foto/Expresso_all_news_
183,all_news_text/Expresso/www_expresso_pt_gictreze/Expresso_all_news_
184,all_news_text/Expresso/www_expresso_pt_legislativas2015/Expresso_all_news_
185,all_news_text/Expresso/www_expresso_pt_life_style/Expresso_all_news_
186,all_news_text/Expresso/www_expresso_pt_linguaportuguesa/Expresso_all_news_
187,all_news_text/Expresso/www_expresso_pt_noticia/Expresso_all_news_
188,all_news_text/Expresso/www_expresso_pt_noticias/Expresso_all_news_
189,all_news_text/Expresso/www_expresso_pt_opiniaoeblogues/Expresso_all_news_
190,all_news_text/Expresso/www_expresso_pt_Postais/Expresso_all_news_
191,all_news_text/Expresso/www_expresso_pt_premio_pessoa/Expresso_all_news_
192,all_news_text/Expresso/www_expresso_pt_revista_de_imprensa/Expresso_all_news_
193,all_news_text/Expresso/www_expresso_pt_semanal/Expresso_all_news_
194,all_news_text/Expresso/www_expresso_pt_semanario/Expresso_all_news_
195,all_news_text/Expresso/www_expresso_pt_users/Expresso_all_news_
196,all_news_text/Expresso/www_expresso_pt_vodafonefuture/Expresso_all_news_
197,all_news_text/Expresso/www_expresso_pt_web_summit/Expresso_all_news_
198,all_news_text/Publico/30segundos_publico_pt/Publico_all_news_
199,all_news_text/Publico/30segundos_publico_pt_Ci_C3_AAncias/Publico_all_news_
200,all_news_text/Publico/30segundos_publico_pt_Educa_C3_A7_C3_A3o/Publico_all_news_
201,all_news_text/Publico/30segundos_publico_pt_Local/Publico_all_news_
202,all_news_text/Publico/30segundos_publico_pt_Sociedade/Publico_all_news_
203,all_news_text/Publico/30segundos_publico_pt_Tecnologia/Publico_all_news_
204,all_news_text/Publico/acervo_publico_pt_2017/Publico_all_news_
205,all_news_text/Publico/acervo_publico_pt_2021/Publico_all_news_
206,all_news_text/Publico/acervo_publico_pt_2022/Publico_all_news_
207,all_news_text/Publico/acervo_publico_pt_ciencia/Publico_all_news_
208,all_news_text/Publico/acervo_publico_pt_culturaipsilon/Publico_all_news_
209,all_news_text/Publico/acervo_publico_pt_desporto/Publico_all_news_
210,all_news_text/Publico/acervo_publico_pt_economia/Publico_all_news_
211,all_news_text/Publico/acervo_publico_pt_fugas/Publico_all_news_
212,all_news_text/Publico/acervo_publico_pt_impar/Publico_all_news_
213,all_news_text/Publico/acervo_publico_pt_Local/Publico_all_news_
214,all_news_text/Publico/acervo_publico_pt_Media/Publico_all_news_
215,all_news_text/Publico/acervo_publico_pt_Noticia/Publico_all_news_
216,all_news_text/Publico/acervo_publico_pt_p3/Publico_all_news_
217,all_news_text/Publico/acervo_publico_pt_politica/Publico_all_news_
218,all_news_text/Publico/arte_publico_pt/Publico_all_news_
219,all_news_text/Publico/astronomia_publico_pt_noticia/Publico_all_news_
220,all_news_text/Publico/backoffice_cidades_publico_pt/Publico_all_news_
221,all_news_text/Publico/blogs_publico_pt/Publico_all_news_
222,all_news_text/Publico/blogs_publico_pt_fugas/Publico_all_news_
223,all_news_text/Publico/blogues_publico_pt_atlantico_sul/Publico_all_news_
224,all_news_text/Publico/blogues_publico_pt_emviagem/Publico_all_news_
225,all_news_text/Publico/blogues_publico_pt_nos/Publico_all_news_
226,all_news_text/Publico/blogues_publico_pt_olhos_barriga/Publico_all_news_
227,all_news_text/Publico/blogues_publico_pt_provedordoleitor/Publico_all_news_
228,all_news_text/Publico/blogues_publico_pt_tecnopolis/Publico_all_news_
229,all_news_text/Publico/cientistas_publico_pt/Publico_all_news_
230,all_news_text/Publico/cinecartaz_publico_clix_pt_default/Publico_all_news_
231,all_news_text/Publico/cinecartaz_publico_clix_pt_Noticia/Publico_all_news_
232,all_news_text/Publico/cinecartaz_publico_clix_pt_noticias/Publico_all_news_
233,all_news_text/Publico/cinecartaz_publico_clix_pt_Passatempo/Publico_all_news_
234,all_news_text/Publico/cinecartaz_publico_pt_Mobile/Publico_all_news_
235,all_news_text/Publico/cinecartaz_publico_pt_noticias/Publico_all_news_
236,all_news_text/Publico/cinecartaz_publico_pt_Passatempo/Publico_all_news_
237,all_news_text/Publico/coleccoes_publico_pt/Publico_all_news_
238,all_news_text/Publico/comentarios_publico_pt/Publico_all_news_
239,all_news_text/Publico/comunique_publico_pt/Publico_all_news_
240,all_news_text/Publico/comunique_publico_pt_2015/Publico_all_news_
241,all_news_text/Publico/convites_publico_pt/Publico_all_news_
242,all_news_text/Publico/data_publico_pt/Publico_all_news_
243,all_news_text/Publico/data_publico_pt_login/Publico_all_news_
244,all_news_text/Publico/desporto_publico_clix_pt_Noticia/Publico_all_news_
245,all_news_text/Publico/desporto_publico_clix_pt_shares/Publico_all_news_
246,all_news_text/Publico/desporto_publico_pt_shares/Publico_all_news_
247,all_news_text/Publico/desporto_publico_pt_shownews/Publico_all_news_
248,all_news_text/Publico/dev_publico_pt_Cinema/Publico_all_news_
249,all_news_text/Publico/dev_publico_pt_Cultura/Publico_all_news_
250,all_news_text/Publico/dev_publico_pt_mundo/Publico_all_news_
251,all_news_text/Publico/digital_publico_clix_pt/Publico_all_news_
252,all_news_text/Publico/digital_publico_clix_pt_login/Publico_all_news_
253,all_news_text/Publico/digital_publico_clix_pt_Noticia/Publico_all_news_
254,all_news_text/Publico/digital_publico_pt_Ci_C3_AAncias/Publico_all_news_
255,all_news_text/Publico/digital_publico_pt_Cultura/Publico_all_news_
256,all_news_text/Publico/digital_publico_pt_Economia/Publico_all_news_
257,all_news_text/Publico/digital_publico_pt_Educa_C3_A7_C3_A3o/Publico_all_news_
258,all_news_text/Publico/digital_publico_pt_Local/Publico_all_news_
259,all_news_text/Publico/digital_publico_pt_mundo/Publico_all_news_
260,all_news_text/Publico/digital_publico_pt_noticia/Publico_all_news_
261,all_news_text/Publico/digital_publico_pt_Pol_C3_ADtica/Publico_all_news_
262,all_news_text/Publico/digital_publico_pt_sociedade/Publico_all_news_
263,all_news_text/Publico/digital_publico_pt_Tecnologia/Publico_all_news_
264,all_news_text/Publico/digital_publico_pt_viewimages/Publico_all_news_
265,all_news_text/Publico/dossiers_publico_pt_Ci_C3_AAncias/Publico_all_news_
266,all_news_text/Publico/dossiers_publico_pt_Local/Publico_all_news_
267,all_news_text/Publico/dossiers_publico_pt_Noticia/Publico_all_news_
268,all_news_text/Publico/dossiers_publico_pt_sociedade/Publico_all_news_
269,all_news_text/Publico/dossiers_publico_pt_Tecnologia/Publico_all_news_
270,all_news_text/Publico/economia_publico_pt_Bolsa/Publico_all_news_
271,all_news_text/Publico/economia_publico_pt_livros/Publico_all_news_
272,all_news_text/Publico/economia_publico_pt_Mundo/Publico_all_news_
273,all_news_text/Publico/economia_publico_pt_Noticia/Publico_all_news_
274,all_news_text/Publico/economia_publico_pt_opiniao/Publico_all_news_
275,all_news_text/Publico/ecosfera_publico_clix_pt_biodiversidade/Publico_all_news_
276,all_news_text/Publico/ecosfera_publico_clix_pt_Noticia/Publico_all_news_
277,all_news_text/Publico/ecosfera_publico_pt_biodiversidade/Publico_all_news_
278,all_news_text/Publico/ecosfera_publico_pt_Noticia/Publico_all_news_
279,all_news_text/Publico/eleicoes2009_publico_pt/Publico_all_news_
280,all_news_text/Publico/eleicoes2009_publico_pt_Cultura/Publico_all_news_
281,all_news_text/Publico/eleicoes2009_publico_pt_Educa_C3_A7_C3_A3o/Publico_all_news_
282,all_news_text/Publico/eleicoes2009_publico_pt_Local/Publico_all_news_
283,all_news_text/Publico/eleicoes2009_publico_pt_Mundo/Publico_all_news_
284,all_news_text/Publico/eleicoes2009_publico_pt_Pol_C3_ADtica/Publico_all_news_
285,all_news_text/Publico/eleicoes2009_publico_pt_Sociedade/Publico_all_news_
286,all_news_text/Publico/eleicoes2009_publico_pt_Tecnologia/Publico_all_news_
287,all_news_text/Publico/eleicoes_publico_pt_Ci_C3_AAncias/Publico_all_news_
288,all_news_text/Publico/eleicoes_publico_pt_Local/Publico_all_news_
289,all_news_text/Publico/eleicoes_publico_pt_mundo/Publico_all_news_
290,all_news_text/Publico/emprego_publico_pt_local/Publico_all_news_
291,all_news_text/Publico/erro_publico_pt/Publico_all_news_
292,all_news_text/Publico/euro2008_publico_pt/Publico_all_news_
293,all_news_text/Publico/euro2008_publico_pt_Ci_C3_AAncias/Publico_all_news_
294,all_news_text/Publico/euro2008_publico_pt_Local/Publico_all_news_
295,all_news_text/Publico/euro2008_publico_pt_Mundo/Publico_all_news_
296,all_news_text/Publico/euro2008_publico_pt_Sociedade/Publico_all_news_
297,all_news_text/Publico/fugas_publico_pt/Publico_all_news_
298,all_news_text/Publico/fugas_publico_pt_artigo/Publico_all_news_
299,all_news_text/Publico/fugas_publico_pt_fugas/Publico_all_news_
300,all_news_text/Publico/fugas_publico_pt_Motores/Publico_all_news_
301,all_news_text/Publico/fugas_publico_pt_mundo/Publico_all_news_
302,all_news_text/Publico/fugas_publico_pt_Noticia/Publico_all_news_
303,all_news_text/Publico/fugas_publico_pt_Noticias/Publico_all_news_
304,all_news_text/Publico/fugas_publico_pt_Passatempo/Publico_all_news_
305,all_news_text/Publico/fugas_publico_pt_Viagens/Publico_all_news_
306,all_news_text/Publico/fugas_publico_pt_Vinhos/Publico_all_news_
307,all_news_text/Publico/imobiliario_publico_pt_Noticia/Publico_all_news_
308,all_news_text/Publico/imobiliario_publico_pt_Noticias/Publico_all_news_
309,all_news_text/Publico/imobiliario_publico_pt_opiniao/Publico_all_news_
310,all_news_text/Publico/inimigo_publico_clix_pt/Publico_all_news_
311,all_news_text/Publico/inimigo_publico_clix_pt_Noticia/Publico_all_news_
312,all_news_text/Publico/inimigo_publico_pt_2017/Publico_all_news_
313,all_news_text/Publico/inimigo_publico_pt_2018/Publico_all_news_
314,all_news_text/Publico/inimigo_publico_pt_Noticia/Publico_all_news_
315,all_news_text/Publico/ipsilon_publico_clix_pt/Publico_all_news_
316,all_news_text/Publico/ipsilon_publico_pt_2018/Publico_all_news_
317,all_news_text/Publico/ipsilon_publico_pt_2019/Publico_all_news_
318,all_news_text/Publico/ipsilon_publico_pt_2020/Publico_all_news_
319,all_news_text/Publico/ipsilon_publico_pt_2021/Publico_all_news_
320,all_news_text/Publico/ipsilon_publico_pt_biodiversidade/Publico_all_news_
321,all_news_text/Publico/ipsilon_publico_pt_Bolsa/Publico_all_news_
322,all_news_text/Publico/ipsilon_publico_pt_ciencia/Publico_all_news_
323,all_news_text/Publico/ipsilon_publico_pt_coimbra/Publico_all_news_
324,all_news_text/Publico/ipsilon_publico_pt_Hoteis/Publico_all_news_
325,all_news_text/Publico/ipsilon_publico_pt_impar/Publico_all_news_
326,all_news_text/Publico/ipsilon_publico_pt_livros/Publico_all_news_
327,all_news_text/Publico/ipsilon_publico_pt_Local/Publico_all_news_
328,all_news_text/Publico/ipsilon_publico_pt_Media/Publico_all_news_
329,all_news_text/Publico/ipsilon_publico_pt_Motores/Publico_all_news_
330,all_news_text/Publico/ipsilon_publico_pt_Mundo/Publico_all_news_
331,all_news_text/Publico/ipsilon_publico_pt_musica/Publico_all_news_
332,all_news_text/Publico/ipsilon_publico_pt_noticia/Publico_all_news_
333,all_news_text/Publico/ipsilon_publico_pt_opiniao/Publico_all_news_
334,all_news_text/Publico/ipsilon_publico_pt_p3/Publico_all_news_
335,all_news_text/Publico/ipsilon_publico_pt_sociedade/Publico_all_news_
336,all_news_text/Publico/ipsilon_publico_pt_Tecnologia/Publico_all_news_
337,all_news_text/Publico/i_publico_pt/Publico_all_news_
338,all_news_text/Publico/jornal_publico_clix_pt_login/Publico_all_news_
339,all_news_text/Publico/jornal_publico_clix_pt_main/Publico_all_news_
340,all_news_text/Publico/jornal_publico_clix_pt_Noticia/Publico_all_news_
341,all_news_text/Publico/jornal_publico_pt/Publico_all_news_
342,all_news_text/Publico/jornal_publico_pt_main/Publico_all_news_
343,all_news_text/Publico/jornal_publico_pt_titulos/Publico_all_news_
344,all_news_text/Publico/lazer_publico_clix_pt_bares/Publico_all_news_
345,all_news_text/Publico/lazer_publico_clix_pt_default/Publico_all_news_
346,all_news_text/Publico/lazer_publico_clix_pt_Noticias/Publico_all_news_
347,all_news_text/Publico/lazer_publico_pt/Publico_all_news_
348,all_news_text/Publico/lazer_publico_pt_ciencia/Publico_all_news_
349,all_news_text/Publico/lazer_publico_pt_Cinema/Publico_all_news_
350,all_news_text/Publico/lazer_publico_pt_fugas/Publico_all_news_
351,all_news_text/Publico/lazer_publico_pt_Homepage/Publico_all_news_
352,all_news_text/Publico/lazer_publico_pt_Noticia/Publico_all_news_
353,all_news_text/Publico/lazer_publico_pt_noticias/Publico_all_news_
354,all_news_text/Publico/lazer_publico_pt_viagens/Publico_all_news_
355,all_news_text/Publico/lifestyle_publico_pt_artigo/Publico_all_news_
356,all_news_text/Publico/lifestyle_publico_pt_Noticia/Publico_all_news_
357,all_news_text/Publico/lifestyle_publico_pt_noticias/Publico_all_news_
358,all_news_text/Publico/lifestyle_publico_pt_Viagens/Publico_all_news_
359,all_news_text/Publico/linguistica_publico_pt/Publico_all_news_
360,all_news_text/Publico/linguistica_publico_pt_Ci_C3_AAncias/Publico_all_news_
361,all_news_text/Publico/linguistica_publico_pt_Educa_C3_A7_C3_A3o/Publico_all_news_
362,all_news_text/Publico/linguistica_publico_pt_Local/Publico_all_news_
363,all_news_text/Publico/linguistica_publico_pt_Media/Publico_all_news_
364,all_news_text/Publico/linguistica_publico_pt_Sociedade/Publico_all_news_
365,all_news_text/Publico/linguistica_publico_pt_tecnologia/Publico_all_news_
366,all_news_text/Publico/mkt_publico_pt/Publico_all_news_
367,all_news_text/Publico/mobile_publico_pt/Publico_all_news_
368,all_news_text/Publico/mobile_publico_pt_default/Publico_all_news_
369,all_news_text/Publico/mobile_publico_pt_shownews/Publico_all_news_
370,all_news_text/Publico/movel_publico_pt_default/Publico_all_news_
371,all_news_text/Publico/m_cinecartaz_publico_pt/Publico_all_news_
372,all_news_text/Publico/m_lazer_publico_pt/Publico_all_news_
373,all_news_text/Publico/m_lazer_publico_pt_teatro/Publico_all_news_
374,all_news_text/Publico/news_publico_pt/Publico_all_news_
375,all_news_text/Publico/olimpicos2008_publico_pt_Local/Publico_all_news_
376,all_news_text/Publico/olimpicos2008_publico_pt_mundo/Publico_all_news_
377,all_news_text/Publico/olimpicos2008_publico_pt_Sociedade/Publico_all_news_
378,all_news_text/Publico/parceiros_publico_pt/Publico_all_news_
379,all_news_text/Publico/pdf_publico_pt_login/Publico_all_news_
380,all_news_text/Publico/pdf_publico_pt_main/Publico_all_news_
381,all_news_text/Publico/pet_publico_pt_2018/Publico_all_news_
382,all_news_text/Publico/plus_publico_pt_default/Publico_all_news_
383,all_news_text/Publico/podium_publico_pt_Ci_C3_AAncias/Publico_all_news_
384,all_news_text/Publico/podium_publico_pt_Cultura/Publico_all_news_
385,all_news_text/Publico/podium_publico_pt_Educa_C3_A7_C3_A3o/Publico_all_news_
386,all_news_text/Publico/podium_publico_pt_Local/Publico_all_news_
387,all_news_text/Publico/podium_publico_pt_Media/Publico_all_news_
388,all_news_text/Publico/podium_publico_pt_noticia/Publico_all_news_
389,all_news_text/Publico/podium_publico_pt_Pol_C3_ADtica/Publico_all_news_
390,all_news_text/Publico/podium_publico_pt_sociedade/Publico_all_news_
391,all_news_text/Publico/podium_publico_pt_Tecnologia/Publico_all_news_
392,all_news_text/Publico/praias_publico_pt_Vinhos/Publico_all_news_
393,all_news_text/Publico/publico_clix_pt_desporto/Publico_all_news_
394,all_news_text/Publico/publico_clix_pt_Educa_C3_A7_C3_A3o/Publico_all_news_
395,all_news_text/Publico/publico_clix_pt_Homepage/Publico_all_news_
396,all_news_text/Publico/publico_clix_pt_local/Publico_all_news_
397,all_news_text/Publico/publico_clix_pt_Media/Publico_all_news_
398,all_news_text/Publico/publico_clix_pt_nos/Publico_all_news_
399,all_news_text/Publico/publico_clix_pt_Sociedade/Publico_all_news_
400,all_news_text/Publico/publico_pt_2009/Publico_all_news_
401,all_news_text/Publico/publico_pt_2010/Publico_all_news_
402,all_news_text/Publico/publico_pt_bares/Publico_all_news_
403,all_news_text/Publico/publico_pt_biodiversidade/Publico_all_news_
404,all_news_text/Publico/publico_pt_ciencia/Publico_all_news_
405,all_news_text/Publico/publico_pt_Cinema/Publico_all_news_
406,all_news_text/Publico/publico_pt_Ci_C3_AAncias/Publico_all_news_
407,all_news_text/Publico/publico_pt_coimbra/Publico_all_news_
408,all_news_text/Publico/publico_pt_content/Publico_all_news_
409,all_news_text/Publico/publico_pt_culto/Publico_all_news_
410,all_news_text/Publico/publico_pt_Cultura/Publico_all_news_
411,all_news_text/Publico/publico_pt_culturaipsilon/Publico_all_news_
412,all_news_text/Publico/publico_pt_docs/Publico_all_news_
413,all_news_text/Publico/publico_pt_Euro2012/Publico_all_news_
414,all_news_text/Publico/publico_pt_fugas/Publico_all_news_
415,all_news_text/Publico/publico_pt_login/Publico_all_news_
416,all_news_text/Publico/publico_pt_nos/Publico_all_news_
417,all_news_text/Publico/publico_pt_Noticia/Publico_all_news_
418,all_news_text/Publico/publico_pt_pesoemedida/Publico_all_news_
419,all_news_text/Publico/publico_pt_sociedade/Publico_all_news_
420,all_news_text/Publico/publico_pt_teatro/Publico_all_news_
421,all_news_text/Publico/publico_pt_Tecnologia/Publico_all_news_
422,all_news_text/Publico/static_publico_clix_pt/Publico_all_news_
423,all_news_text/Publico/static_publico_clix_pt_Homepage/Publico_all_news_
424,all_news_text/Publico/static_publico_clix_pt_nos/Publico_all_news_
425,all_news_text/Publico/static_publico_pt_ciencia/Publico_all_news_
426,all_news_text/Publico/static_publico_pt_Economia/Publico_all_news_
427,all_news_text/Publico/static_publico_pt_Educa_C3_A7_C3_A3o/Publico_all_news_
428,all_news_text/Publico/static_publico_pt_gA_PUBLICO/Publico_all_news_
429,all_news_text/Publico/static_publico_pt_livros/Publico_all_news_
430,all_news_text/Publico/static_publico_pt_main/Publico_all_news_
431,all_news_text/Publico/static_publico_pt_Noticia/Publico_all_news_
432,all_news_text/Publico/static_publico_pt_pesoemedida/Publico_all_news_
433,all_news_text/Publico/static_publico_pt_politica/Publico_all_news_
434,all_news_text/Publico/static_publico_pt_Sociedade/Publico_all_news_
435,all_news_text/Publico/static_publico_pt_Tecnologia/Publico_all_news_
436,all_news_text/Publico/static_publico_pt_Tops/Publico_all_news_
437,all_news_text/Publico/s_publico_pt_artes/Publico_all_news_
438,all_news_text/Publico/s_publico_pt_biodiversidade/Publico_all_news_
439,all_news_text/Publico/s_publico_pt_Bolsa/Publico_all_news_
440,all_news_text/Publico/s_publico_pt_Cinema/Publico_all_news_
441,all_news_text/Publico/s_publico_pt_culturaipsilon/Publico_all_news_
442,all_news_text/Publico/s_publico_pt_desporto/Publico_all_news_
443,all_news_text/Publico/s_publico_pt_disco/Publico_all_news_
444,all_news_text/Publico/s_publico_pt_Economia/Publico_all_news_
445,all_news_text/Publico/s_publico_pt_fugas/Publico_all_news_
446,all_news_text/Publico/s_publico_pt_hoteis/Publico_all_news_
447,all_news_text/Publico/s_publico_pt_Local/Publico_all_news_
448,all_news_text/Publico/s_publico_pt_Media/Publico_all_news_
449,all_news_text/Publico/s_publico_pt_Mundo/Publico_all_news_
450,all_news_text/Publico/s_publico_pt_opiniao/Publico_all_news_
451,all_news_text/Publico/s_publico_pt_teatro/Publico_all_news_
452,all_news_text/Publico/tempo_publico_pt/Publico_all_news_
453,all_news_text/Publico/ultimahora_publico_clix_pt_viewimages/Publico_all_news_
454,all_news_text/Publico/ultraleve_publico_pt/Publico_all_news_
455,all_news_text/Publico/viagens_publico_pt/Publico_all_news_
456,all_news_text/Publico/videos_publico_clix_pt_default/Publico_all_news_
457,all_news_text/Publico/videos_publico_clix_pt_Pages/Publico_all_news_
458,all_news_text/Publico/videos_publico_pt/Publico_all_news_
459,all_news_text/Publico/ww2_publico_clix_pt/Publico_all_news_
460,all_news_text/Publico/ww2_publico_clix_pt_Educa_C3_A7_C3_A3o/Publico_all_news_
461,all_news_text/Publico/ww2_publico_pt_Ci_C3_AAncias/Publico_all_news_
462,all_news_text/Publico/ww2_publico_pt_Cultura/Publico_all_news_
463,all_news_text/Publico/ww2_publico_pt_Educa_C3_A7_C3_A3o/Publico_all_news_
464,all_news_text/Publico/ww2_publico_pt_Local/Publico_all_news_
465,all_news_text/Publico/ww2_publico_pt_Media/Publico_all_news_
466,all_news_text/Publico/ww2_publico_pt_mundo/Publico_all_news_
467,all_news_text/Publico/ww2_publico_pt_Pol_C3_ADtica/Publico_all_news_
468,all_news_text/Publico/ww2_publico_pt_Tecnologia/Publico_all_news_
